[
  {
    "fields" : {
        "language" : "en",
        "max_rlevel" : 8
      },
    "model" : "sober.settingsbunch",
    "pk" : 1
  },
  {
    "fields" : {
        "language" : "en",
        "max_rlevel" : 8
      },
    "model" : "sober.settingsbunch",
    "pk" : 2
  },
  {
    "fields" : {
        "language" : "en",
        "max_rlevel" : 8
      },
    "model" : "sober.settingsbunch",
    "pk" : 3
  },
  {
    "fields" : {
        "language" : "en",
        "max_rlevel" : 20
      },
    "model" : "sober.settingsbunch",
    "pk" : 4
  },
  {
    "fields" : {
        "language" : "en",
        "max_rlevel" : 28
      },
    "model" : "sober.settingsbunch",
    "pk" : 5
  },
  {
    "fields" : {
        "language" : "de",
        "max_rlevel" : 2
      },
    "model" : "sober.settingsbunch",
    "pk" : 6
  },
  {
    "fields" : {
        "language" : "en",
        "max_rlevel" : 8
      },
    "model" : "sober.settingsbunch",
    "pk" : 7
  },
  {
    "fields" : {
        "name" : "public",
        "permissions" : [  ]
      },
    "model" : "auth.group",
    "pk" : 1
  },
  {
    "fields" : {
        "name" : "public__ro",
        "permissions" : [  ]
      },
    "model" : "auth.group",
    "pk" : 2
  },
  {
    "fields" : {
        "name" : "registered_users",
        "permissions" : [  ]
      },
    "model" : "auth.group",
    "pk" : 3
  },
  {
    "fields" : {
        "name" : "registered_users__ro",
        "permissions" : [  ]
      },
    "model" : "auth.group",
    "pk" : 4
  },
  {
    "fields" : {
        "name" : "sober_dev_team",
        "permissions" : [  ]
      },
    "model" : "auth.group",
    "pk" : 5
  },
  {
    "fields" : {
        "name" : "secret_group",
        "permissions" : [  ]
      },
    "model" : "auth.group",
    "pk" : 6
  },
  {
    "fields" : {
        "date_joined" : "2018-11-03T17:49:20.916Z",
        "email" : "foo@foo.foo",
        "first_name" : "",
        "groups" : [
            1,
            2,
            3
          ],
        "is_active" : true,
        "is_staff" : true,
        "is_superuser" : true,
        "last_login" : "2019-03-15T17:46:10.570Z",
        "last_name" : "",
        "password" : "pbkdf2_sha256$120000$292wYcGZmuPz$lhtUmE4ITVobYAzjrF02MHIM9ibRkhouS/H+lbh3F5Q=",
        "user_permissions" : [  ],
        "username" : "admin"
      },
    "model" : "auth.user",
    "pk" : 1
  },
  {
    "fields" : {
        "date_joined" : "2018-11-03T17:50:40Z",
        "email" : "",
        "first_name" : "",
        "groups" : [
            1,
            2
          ],
        "is_active" : true,
        "is_staff" : false,
        "is_superuser" : false,
        "last_login" : "2019-03-11T23:34:51.848Z",
        "last_name" : "",
        "password" : "pbkdf2_sha256$120000$tebEi4mYZRdA$+WafuYMTW53Bu9N2Y8EfSf4sRtX23O7xGMsWPHcDMro=",
        "user_permissions" : [  ],
        "username" : "soberuser1"
      },
    "model" : "auth.user",
    "pk" : 2
  },
  {
    "fields" : {
        "brick" : 22,
        "user" : 2,
        "value" : -2.0
      },
    "model" : "sober.vote",
    "pk" : 1
  },
  {
    "fields" : {
        "brick" : 27,
        "user" : 2,
        "value" : -2.0
      },
    "model" : "sober.vote",
    "pk" : 2
  },
  {
    "fields" : {
        "brick" : 28,
        "user" : 2,
        "value" : 1.0
      },
    "model" : "sober.vote",
    "pk" : 3
  },
  {
    "fields" : {
        "brick" : 29,
        "user" : 2,
        "value" : -1.0
      },
    "model" : "sober.vote",
    "pk" : 4
  },
  {
    "fields" : {
        "brick" : 18,
        "user" : 2,
        "value" : 1.0
      },
    "model" : "sober.vote",
    "pk" : 5
  },
  {
    "fields" : {
        "brick" : 17,
        "user" : 2,
        "value" : 2.0
      },
    "model" : "sober.vote",
    "pk" : 6
  },
  {
    "fields" : {
        "brick" : null,
        "user" : 2,
        "value" : 1.0
      },
    "model" : "sober.vote",
    "pk" : 7
  },
  {
    "fields" : {
        "brick" : null,
        "user" : 2,
        "value" : 0.0
      },
    "model" : "sober.vote",
    "pk" : 8
  },
  {
    "fields" : {
        "brick" : null,
        "user" : 2,
        "value" : -2.0
      },
    "model" : "sober.vote",
    "pk" : 9
  },
  {
    "fields" : {
        "allowed_for_additional_groups" : [
            1,
            5
          ],
        "associated_group" : 1,
        "cached_avg_vote" : 0.0,
        "content" : "***Note**: This is just a dummy-thesis with nonsense content and nonsense arguments. It serves to demonstrate function of *sober*.* \r\n\r\nAre creatures of the cosmos intelligent beings bits of moving fluff a very small stage in a vast cosmic arena Tunguska event, rich in heavy atoms concept of the number one the only home we've ever known astonishment another world great turbulent clouds white dwarf. And `rich in heavy atoms` concept of the number one the only home we've ever known astonishment.",
        "creation_datetime" : "2018-08-12T15:37:35Z",
        "creation_user" : 2,
        "parent" : null,
        "references" : "-",
        "tags" : "pyhsics; geo; gardening;",
        "title" : "Never have an anti-proton in your garden.",
        "type" : 1,
        "update_datetime" : "2019-03-11T23:54:59.455Z"
      },
    "model" : "sober.brick",
    "pk" : 1
  },
  {
    "fields" : {
        "allowed_for_additional_groups" : [
            1,
            5
          ],
        "associated_group" : 1,
        "cached_avg_vote" : 0.0,
        "content" : "Beings bits of moving fluff a very small stage in a vast cosmic arena solar vulcanic incident.",
        "creation_datetime" : "2018-08-12T15:37:35Z",
        "creation_user" : 2,
        "parent" : 1,
        "references" : "n",
        "tags" : "pyhsics; geo; gardening;",
        "title" : "Antiprotons taste bad.",
        "type" : 2,
        "update_datetime" : "2018-09-07T21:28:37Z"
      },
    "model" : "sober.brick",
    "pk" : 2
  },
  {
    "fields" : {
        "allowed_for_additional_groups" : [
            1,
            5
          ],
        "associated_group" : 1,
        "cached_avg_vote" : 0.0,
        "content" : "Beings bits of moving fluff a very small stage in a vast cosmic arena solar vulcanic incident.",
        "creation_datetime" : "2018-08-12T15:37:35Z",
        "creation_user" : 2,
        "parent" : 1,
        "references" : "-",
        "tags" : "pyhsics; geo; gardening;",
        "title" : "Antiprotons smell bad.",
        "type" : 2,
        "update_datetime" : "2018-08-12T15:37:35Z"
      },
    "model" : "sober.brick",
    "pk" : 3
  },
  {
    "fields" : {
        "allowed_for_additional_groups" : [
            1,
            5
          ],
        "associated_group" : 1,
        "cached_avg_vote" : 0.0,
        "content" : "Cool beings bits of moving fluff a very small stage in a vast cosmic arena solar vulcanic incident.",
        "creation_datetime" : "2018-08-12T15:37:35Z",
        "creation_user" : 2,
        "parent" : 2,
        "references" : "-",
        "tags" : "pyhsics; geo; gardening;",
        "title" : "'Taste' is a matter of subjective taste.",
        "type" : 3,
        "update_datetime" : "2018-08-12T15:37:35Z"
      },
    "model" : "sober.brick",
    "pk" : 4
  },
  {
    "fields" : {
        "allowed_for_additional_groups" : [
            3,
            5
          ],
        "associated_group" : 1,
        "cached_avg_vote" : 0.0,
        "content" : "Nam liber tempor cum soluta nobis eleifend option congue nihil imperdiet doming id quod mazim placerat facer possim assum. Lorem ipsum dolor sit amet, consectetuer adipiscing elit, sed diam nonummy nibh euismod tincidunt ut laoreet dolore magna aliquam erat volutpat. Ut wisi enim ad minim veniam, quis nostrud exerci tation ullamcorper suscipit lobortis nisl ut aliquip ex ea commodo consequat.",
        "creation_datetime" : "2018-08-27T06:36:13Z",
        "creation_user" : 1,
        "parent" : null,
        "references" : "https://la.wikisource.org/wiki/Lorem_ipsum",
        "tags" : "history",
        "title" : "Lorem ipsum dolor sit amet, consectetur adipisici elit.",
        "type" : 1,
        "update_datetime" : "2019-03-11T23:39:06.386Z"
      },
    "model" : "sober.brick",
    "pk" : 5
  },
  {
    "fields" : {
        "allowed_for_additional_groups" : [  ],
        "associated_group" : 1,
        "cached_avg_vote" : 0.0,
        "content" : "1",
        "creation_datetime" : "2018-09-04T06:47:57.246Z",
        "creation_user" : null,
        "parent" : null,
        "references" : "1",
        "tags" : "1",
        "title" : "1",
        "type" : 5,
        "update_datetime" : "2018-09-04T06:47:57.246Z"
      },
    "model" : "sober.brick",
    "pk" : 8
  },
  {
    "fields" : {
        "allowed_for_additional_groups" : [  ],
        "associated_group" : 1,
        "cached_avg_vote" : 0.0,
        "content" : "1",
        "creation_datetime" : "2018-09-04T06:50:14.540Z",
        "creation_user" : null,
        "parent" : null,
        "references" : "1",
        "tags" : "1",
        "title" : "1",
        "type" : 5,
        "update_datetime" : "2018-09-04T06:50:14.540Z"
      },
    "model" : "sober.brick",
    "pk" : 9
  },
  {
    "fields" : {
        "allowed_for_additional_groups" : [  ],
        "associated_group" : 1,
        "cached_avg_vote" : 0.0,
        "content" : "1",
        "creation_datetime" : "2018-09-04T06:52:17.340Z",
        "creation_user" : null,
        "parent" : null,
        "references" : "1",
        "tags" : "1",
        "title" : "1",
        "type" : 5,
        "update_datetime" : "2018-09-04T06:52:17.340Z"
      },
    "model" : "sober.brick",
    "pk" : 10
  },
  {
    "fields" : {
        "allowed_for_additional_groups" : [
            3,
            5
          ],
        "associated_group" : 1,
        "cached_avg_vote" : 0.0,
        "content" : "Stet clita ea et gubergren, kasd magna no rebum. - At vero eos et accusam et justo duo dolores et ea rebum. Stet clita kasd gubergren, no sea takimata sanctus est Lorem ipsum dolor sit amet. Lorem ipsum dolor sit amet, consetetur sadipscing elitr, At accusam aliquyam diam diam dolore dolores duo eirmod eos erat, et nonumy sed tempor et et invidunt justo labore!",
        "creation_datetime" : "2018-09-04T07:03:20.375Z",
        "creation_user" : null,
        "parent" : 5,
        "references" : "-",
        "tags" : "-",
        "title" : "Stet clita ea et gubergren, kasd magna no rebum.",
        "type" : 3,
        "update_datetime" : "2019-03-11T23:47:28.882Z"
      },
    "model" : "sober.brick",
    "pk" : 11
  },
  {
    "fields" : {
        "allowed_for_additional_groups" : [
            3,
            5
          ],
        "associated_group" : 1,
        "cached_avg_vote" : 0.0,
        "content" : "In vulputate velit esse molestie consequat, vel illum dolore eu feugiat nulla facilisis at vero eros et accumsan et iusto odio dignissim qui blandit praesent luptatum zzril delenit augue duis dolore te feugait nulla facilisi.",
        "creation_datetime" : "2018-09-04T13:38:46Z",
        "creation_user" : null,
        "parent" : 5,
        "references" : "http://www.lorem-ipsum.ch/",
        "tags" : "Lore; Ipsum; Imperium Romanum",
        "title" : "Duis autem vel eum iriure dolor in hendrerit.",
        "type" : 2,
        "update_datetime" : "2019-03-11T23:43:17.868Z"
      },
    "model" : "sober.brick",
    "pk" : 12
  },
  {
    "fields" : {
        "allowed_for_additional_groups" : [
            3,
            5
          ],
        "associated_group" : 1,
        "cached_avg_vote" : 0.0,
        "content" : "Duis autem vel eum iriure dolor in hendrerit in vulputate velit esse molestie consequat, vel illum dolore eu feugiat nulla facilisis at vero eros et accumsan et iusto odio dignissim qui blandit praesent luptatum zzril delenit augue duis dolore te feugait nulla facilisi.",
        "creation_datetime" : "2010-09-04T14:46:55Z",
        "creation_user" : null,
        "parent" : 11,
        "references" : "http://www.loremipsum.com",
        "tags" : "-",
        "title" : "Irmod tempor invidunt",
        "type" : 3,
        "update_datetime" : "2019-03-11T23:48:53.309Z"
      },
    "model" : "sober.brick",
    "pk" : 13
  },
  {
    "fields" : {
        "allowed_for_additional_groups" : [
            3,
            5
          ],
        "associated_group" : 1,
        "cached_avg_vote" : 0.0,
        "content" : "Consetetur sadipscing elitr, sed diam nonumy eirmod tempor invidunt ut labore et dolore magna aliquyam erat, sed diam voluptua. At vero eos et accusam et justo duo dolores et ea rebum. Stet clita kasd gubergren, no sea takimata sanctus est Lorem ipsum dolor sit amet.",
        "creation_datetime" : "2018-09-04T20:51:46.325Z",
        "creation_user" : null,
        "parent" : 5,
        "references" : "http://www.loremipsum.de/",
        "tags" : "Imperium Romanum",
        "title" : "No erat tacimata.",
        "type" : 2,
        "update_datetime" : "2019-03-11T23:45:43.258Z"
      },
    "model" : "sober.brick",
    "pk" : 16
  },
  {
    "fields" : {
        "allowed_for_additional_groups" : [ 6 ],
        "associated_group" : 6,
        "cached_avg_vote" : 2.0,
        "content" : "qwertz",
        "creation_datetime" : "2018-09-04T22:00:05Z",
        "creation_user" : 2,
        "parent" : null,
        "references" : "n",
        "tags" : "n",
        "title" : "3",
        "type" : 1,
        "update_datetime" : "2018-09-04T22:00:05Z"
      },
    "model" : "sober.brick",
    "pk" : 17
  },
  {
    "fields" : {
        "allowed_for_additional_groups" : [ 6 ],
        "associated_group" : 6,
        "cached_avg_vote" : 1.0,
        "content" : "inhalt",
        "creation_datetime" : "2018-09-04T22:00:31.726Z",
        "creation_user" : null,
        "parent" : 17,
        "references" : ".",
        "tags" : ".",
        "title" : "gut",
        "type" : 2,
        "update_datetime" : "2018-09-04T22:00:31.726Z"
      },
    "model" : "sober.brick",
    "pk" : 18
  },
  {
    "fields" : {
        "allowed_for_additional_groups" : [
            1,
            5
          ],
        "associated_group" : 1,
        "cached_avg_vote" : 0.0,
        "content" : "\"Tunguska\" should be \"Tonga\"",
        "creation_datetime" : "2018-09-07T20:38:56Z",
        "creation_user" : 2,
        "parent" : 1,
        "references" : "https://tunguska.net",
        "tags" : "-",
        "title" : "Typo fix",
        "type" : 6,
        "update_datetime" : "2019-03-11T23:51:24.027Z"
      },
    "model" : "sober.brick",
    "pk" : 19
  },
  {
    "fields" : {
        "allowed_for_additional_groups" : [
            1,
            5
          ],
        "associated_group" : 1,
        "cached_avg_vote" : 0.0,
        "content" : "I cant help me, but I find that very funny.",
        "creation_datetime" : "2018-09-07T20:55:32Z",
        "creation_user" : 2,
        "parent" : 3,
        "references" : "-",
        "tags" : "-",
        "title" : "This is the funniest argument ever.",
        "type" : 4,
        "update_datetime" : "2019-03-11T23:52:34.673Z"
      },
    "model" : "sober.brick",
    "pk" : 20
  },
  {
    "fields" : {
        "allowed_for_additional_groups" : [
            1,
            5
          ],
        "associated_group" : 1,
        "cached_avg_vote" : 0.0,
        "content" : "Is this related with cloud-dwarfs?",
        "creation_datetime" : "2018-09-08T15:09:11Z",
        "creation_user" : 2,
        "parent" : 1,
        "references" : "-",
        "tags" : "-",
        "title" : "What is meant with dwarf-clouds?",
        "type" : 5,
        "update_datetime" : "2018-09-08T15:09:11Z"
      },
    "model" : "sober.brick",
    "pk" : 21
  },
  {
    "fields" : {
        "allowed_for_additional_groups" : [  ],
        "associated_group" : 1,
        "cached_avg_vote" : -2.0,
        "content" : "Z.B. für kleine bis mittlere Gruppen, in denen \r\n\r\n1. ein grundsätzlicher Einigungswille besteht und\r\n2. eine Meinungsfindung zu komplexen Fragen angestrebt wird.\r\n\r\nWeiterhin kann *sober* dafür benutzt werden, um Entscheidungsprozesse zu dokumentieren, um z.B. später festzustellen, welche Argumente dereinst gegeneinander abgewogen wurden.",
        "creation_datetime" : "2018-09-13T20:47:34.124Z",
        "creation_user" : null,
        "parent" : null,
        "references" : "-",
        "tags" : "IT",
        "title" : "Eine Applikation wie *sober* ist für bestimmte Anwendungsfälle grundsätzlich sinnvoll.",
        "type" : 1,
        "update_datetime" : "2019-03-11T23:55:51.480Z"
      },
    "model" : "sober.brick",
    "pk" : 22
  },
  {
    "fields" : {
        "allowed_for_additional_groups" : [  ],
        "associated_group" : 1,
        "cached_avg_vote" : 0.0,
        "content" : "In der menschlichen Kommunikation sind Emotionen oft wichtiger als rationale Argumente.",
        "creation_datetime" : "2018-09-13T21:00:19.237Z",
        "creation_user" : null,
        "parent" : 22,
        "references" : "Gespräch mit einem Psychologie-Studenten.",
        "tags" : "-",
        "title" : "Überschätzte menschliche Rationalität.",
        "type" : 3,
        "update_datetime" : "2018-09-13T21:00:19.237Z"
      },
    "model" : "sober.brick",
    "pk" : 23
  },
  {
    "fields" : {
        "allowed_for_additional_groups" : [  ],
        "associated_group" : 1,
        "cached_avg_vote" : 0.0,
        "content" : "Die Ausgangsthese behauptet nicht, dass Emotionen keine Rolle spielen. Aber rationale Argumente spielen eben *auch* eine Rolle, besonders für die formulierte Zielgruppe. Wenn es die Möglichkeit gibt, diese übersichtlicher anzuzeigen und iterativ zu verbessern, dann wirkt sich das auf die Qualität der Diskussion tendenziell positiv aus.",
        "creation_datetime" : "2018-09-13T21:10:54.434Z",
        "creation_user" : null,
        "parent" : 23,
        "references" : "-",
        "tags" : "-",
        "title" : "Emotionale-Ebene ist nicht alleine entscheidend.",
        "type" : 3,
        "update_datetime" : "2018-10-07T13:06:34.458Z"
      },
    "model" : "sober.brick",
    "pk" : 24
  },
  {
    "fields" : {
        "allowed_for_additional_groups" : [  ],
        "associated_group" : 1,
        "cached_avg_vote" : 0.0,
        "content" : "Wenn man eine Diskussion nicht von Beginn an verfolgt hat (z.B. auf ner Mailingliste) müsste man oft sehr viel Text lesen, um auf dem aktuellen Stand zu sein. Dafür haben viele nicht genug Ressourcen und verzichten 1. auf Teilnahme am Diskurs oder dikutieren 2. ohne Kenntnis mit.",
        "creation_datetime" : "2018-09-13T21:16:36.335Z",
        "creation_user" : null,
        "parent" : 22,
        "references" : "eigene Erfahrung, z.B. Kernel-Mailingliste.",
        "tags" : "-",
        "title" : "Schneller Überblick über kontroverse Themen hilft bei Einarbeitung",
        "type" : 2,
        "update_datetime" : "2018-09-13T21:16:36.335Z"
      },
    "model" : "sober.brick",
    "pk" : 25
  },
  {
    "fields" : {
        "allowed_for_additional_groups" : [  ],
        "associated_group" : 1,
        "cached_avg_vote" : 0.0,
        "content" : "Da bei Argumenten etc. nicht eingeblendet wird, von wem es stammt, wird verhindert, dass sich Lager auf Grund von Sympathie oder Abhängigkeiten bilden. Die Überzeugungskraft der Argumente steht im Vordergrund.",
        "creation_datetime" : "2018-09-13T21:27:55.303Z",
        "creation_user" : null,
        "parent" : 22,
        "references" : "-",
        "tags" : "-",
        "title" : "Verzicht auf Urheber-Angabe verhindert Ego-Trips",
        "type" : 2,
        "update_datetime" : "2018-09-13T21:46:41.297Z"
      },
    "model" : "sober.brick",
    "pk" : 26
  },
  {
    "fields" : {
        "allowed_for_additional_groups" : [  ],
        "associated_group" : 1,
        "cached_avg_vote" : -2.0,
        "content" : "Ich kann mir nicht vorstellen, dass vorher noch keiner auf die Idee gekommen ist.",
        "creation_datetime" : "2018-10-03T20:58:48.346Z",
        "creation_user" : null,
        "parent" : 22,
        "references" : ".",
        "tags" : ".",
        "title" : "Gibt es sowas nicht schon?",
        "type" : 5,
        "update_datetime" : "2018-10-03T20:58:48.346Z"
      },
    "model" : "sober.brick",
    "pk" : 27
  },
  {
    "fields" : {
        "allowed_for_additional_groups" : [  ],
        "associated_group" : 1,
        "cached_avg_vote" : 1.0,
        "content" : "Z.B. gibt es innerhalb der Wikipedia auch oft Diskussionen, deren schriftlicher Verlauf z.T. sehr unübersichtlich wird. Das führt dazu, dass die Diskussion zu keinem Ergebnis gelangt, worunter die Artikel-Qualität leider.\r\nBeispiel: https://de.wikipedia.org/wiki/Diskussion:Gini-Koeffizient",
        "creation_datetime" : "2018-10-06T18:15:46.938Z",
        "creation_user" : null,
        "parent" : 22,
        "references" : "https://de.wikipedia.org/wiki/Diskussion:Gini-Koeffizient",
        "tags" : ".",
        "title" : "Im Thesen-Text sollten noch mehr Einsatz-Beispiele genannt werden.",
        "type" : 6,
        "update_datetime" : "2018-12-27T12:54:10.224Z"
      },
    "model" : "sober.brick",
    "pk" : 28
  },
  {
    "fields" : {
        "allowed_for_additional_groups" : [ 6 ],
        "associated_group" : 6,
        "cached_avg_vote" : -1.0,
        "content" : "Inhalt des Gegenarguments",
        "creation_datetime" : "2018-11-11T14:09:50.845Z",
        "creation_user" : null,
        "parent" : 18,
        "references" : "-",
        "tags" : "-",
        "title" : "schlecht",
        "type" : 3,
        "update_datetime" : "2018-11-11T14:09:50.845Z"
      },
    "model" : "sober.brick",
    "pk" : 29
  },
  {
    "fields" : {
        "allowed_for_additional_groups" : [  ],
        "associated_group" : 1,
        "cached_avg_vote" : 0.0,
        "content" : "E.g. for small or medium-sized groups where\r\n\r\n1. there is a common will to reach mutual understanding and\r\n2. formation of opinion on complex questions is intended.\r\n\r\nFurthermore, *sober* can be used do document important decisions. Thereby it is possible to determine which arguments had been considered, how they had been rated and whether something important has changed in the mean time.",
        "creation_datetime" : "2018-12-27T12:22:17.384Z",
        "creation_user" : null,
        "parent" : null,
        "references" : "https://rechtfertigung.wordpress.com/2018/07/",
        "tags" : "sober",
        "title" : "An application like *sober* is basically helpful for some use cases",
        "type" : 1,
        "update_datetime" : "2019-03-11T23:55:55.516Z"
      },
    "model" : "sober.brick",
    "pk" : 30
  },
  {
    "fields" : {
        "allowed_for_additional_groups" : [  ],
        "associated_group" : 1,
        "cached_avg_vote" : 0.0,
        "content" : "If one has not followed a discussion from the beginning (e.g. at a mailing list), often it is necessary to read a lot of (scattered) text to understand the state of the play. Many people do not have the resources for this and thus\r\n\r\n1. abstain from taking part in the discussion or\r\n2. take part without knowing what has already been discussed.\r\n\r\nBoth consequences are unwanted if the discussion is intended to have consequence which the whole group can accept.",
        "creation_datetime" : "2018-12-27T12:33:15.589Z",
        "creation_user" : null,
        "parent" : 30,
        "references" : "-",
        "tags" : "sober",
        "title" : "Fast overview about controversal topics greatly facilitates ability to catch up",
        "type" : 2,
        "update_datetime" : "2018-12-27T12:33:15.589Z"
      },
    "model" : "sober.brick",
    "pk" : 31
  },
  {
    "fields" : {
        "allowed_for_additional_groups" : [  ],
        "associated_group" : 1,
        "cached_avg_vote" : 0.0,
        "content" : "Every group has its social structure which often makes discussions more complicated. New members might not dare to question arguments from senior members. Arguments of personal friends are defended just for friendship but not for their quality.\r\n\r\nBecause in `sober` the authorship of a discussion brick is not shown it is less likely that social sensitivities interfere with the struggle for the best arguments.",
        "creation_datetime" : "2018-12-27T12:41:05.506Z",
        "creation_user" : null,
        "parent" : 30,
        "references" : "-",
        "tags" : "sober",
        "title" : "Not showing authorships helps to concentrate on content instead of personal issues",
        "type" : 2,
        "update_datetime" : "2018-12-27T12:41:05.506Z"
      },
    "model" : "sober.brick",
    "pk" : 32
  },
  {
    "fields" : {
        "allowed_for_additional_groups" : [  ],
        "associated_group" : 1,
        "cached_avg_vote" : 0.0,
        "content" : "The benefit of such a platform is questionable because human interaction is mainly governed by emotions. They often have more effect on decisions than rational arguments.",
        "creation_datetime" : "2018-12-27T12:44:23.535Z",
        "creation_user" : null,
        "parent" : 30,
        "references" : "-",
        "tags" : "sober",
        "title" : "Overestimated human rationality.",
        "type" : 3,
        "update_datetime" : "2018-12-27T12:44:23.535Z"
      },
    "model" : "sober.brick",
    "pk" : 33
  },
  {
    "fields" : {
        "allowed_for_additional_groups" : [  ],
        "associated_group" : 1,
        "cached_avg_vote" : 0.0,
        "content" : "The original theses does not claim that emotions do not play any roll. But rational arguments also play a role. Especially for the mentioned target group. If there is a possibility to state rational arguments more clearly and to iteratively improve them, then this is likely to increase the quality of discussions.",
        "creation_datetime" : "2018-12-27T12:48:15.470Z",
        "creation_user" : null,
        "parent" : 33,
        "references" : "-",
        "tags" : "sober",
        "title" : "Emoitions are not the only decesive aspects.",
        "type" : 3,
        "update_datetime" : "2018-12-27T12:48:15.470Z"
      },
    "model" : "sober.brick",
    "pk" : 34
  },
  {
    "fields" : {
        "allowed_for_additional_groups" : [  ],
        "associated_group" : 1,
        "cached_avg_vote" : 0.0,
        "content" : "It is hard to imagine that nobody else yet has had (and implemented) such an idea.",
        "creation_datetime" : "2018-12-27T12:52:13.797Z",
        "creation_user" : null,
        "parent" : 30,
        "references" : "-",
        "tags" : "sober",
        "title" : "Does not exist something similar already?",
        "type" : 5,
        "update_datetime" : "2018-12-27T12:52:13.797Z"
      },
    "model" : "sober.brick",
    "pk" : 35
  },
  {
    "fields" : {
        "allowed_for_additional_groups" : [  ],
        "associated_group" : 1,
        "cached_avg_vote" : 0.0,
        "content" : "E.g. within the Wikipedia there are often discussions which over time get very hard to follow. Such a discussion might come to a halt without reaching any conclusion which negatively affects the quality of the respective article.\r\nExample: <https://de.wikipedia.org/wiki/Diskussion:Gini-Koeffizient>",
        "creation_datetime" : "2018-12-27T12:57:48.262Z",
        "creation_user" : null,
        "parent" : 30,
        "references" : "-",
        "tags" : "sober; wikipedia",
        "title" : "The thesis-text should mention more example use cases",
        "type" : 6,
        "update_datetime" : "2018-12-27T12:57:48.262Z"
      },
    "model" : "sober.brick",
    "pk" : 36
  },
  {
    "fields" : {
        "admins" : [ 1 ],
        "description" : "Public group. RW-access to content even for unregistered users.",
        "group" : 1
      },
    "model" : "sober.sobergroup",
    "pk" : 1
  },
  {
    "fields" : {
        "admins" : [ 1 ],
        "description" : "Public group. RO-access to content even for unregistered users.",
        "group" : 2
      },
    "model" : "sober.sobergroup",
    "pk" : 2
  },
  {
    "fields" : {
        "admins" : [ 1 ],
        "description" : "Semi-Public group. RW-access to content for all registered users.",
        "group" : 3
      },
    "model" : "sober.sobergroup",
    "pk" : 3
  },
  {
    "fields" : {
        "admins" : [ 1 ],
        "description" : "Semi-Public group. RO-access to content for all registered users.",
        "group" : 4
      },
    "model" : "sober.sobergroup",
    "pk" : 4
  },
  {
    "fields" : {
        "admins" : [ 1 ],
        "description" : "Discussions about sober development",
        "group" : 5
      },
    "model" : "sober.sobergroup",
    "pk" : 5
  },
  {
    "fields" : {
        "admins" : [ 1 ],
        "description" : "Secret group. Mainly for testing purpose.",
        "group" : 6
      },
    "model" : "sober.sobergroup",
    "pk" : 6
  },
  {
    "fields" : {
        "settings" : 6,
        "user" : 1
      },
    "model" : "sober.soberuser",
    "pk" : 1
  },
  {
    "fields" : {
        "settings" : 5,
        "user" : 2
      },
    "model" : "sober.soberuser",
    "pk" : 2
  }
]


